feature,median_Natural,median_Synthetic,cliffs_delta,effect,p_value,p_bonferroni
K,9.090909090909092,15.384615384615383,-0.287,small,3.5440873133563547e-146,7.08817462671271e-145
R,0.0,7.6923076923076925,-0.26,small,1.193086778389929e-128,2.386173556779858e-127
W,0.0,0.0,-0.226,small,3.4632141695520755e-112,6.92642833910415e-111
L,8.695652173913043,9.090909090909092,-0.0,negligible,0.9756459818463978,1.0
Y,0.0,0.0,0.068,negligible,2.7738586395272e-15,5.5477172790544005e-14
Q,0.0,0.0,0.091,negligible,1.0641144517849927e-26,2.1282289035699852e-25
F,4.0,0.0,0.097,negligible,3.5837291297551094e-20,7.167458259510218e-19
H,0.0,0.0,0.1,negligible,2.654122440297265e-34,5.30824488059453e-33
I,5.882352941176471,5.0,0.116,negligible,8.468605412408883e-27,1.6937210824817766e-25
M,0.0,0.0,0.131,negligible,6.750537137213078e-81,1.3501074274426156e-79
V,5.2631578947368425,0.0,0.178,small,1.41261615593652e-63,2.82523231187304e-62
E,0.0,0.0,0.197,small,1.084685938864941e-137,2.1693718777298818e-136
A,6.25,0.0,0.21,small,6.823345975386134e-88,1.364669195077227e-86
D,0.0,0.0,0.216,small,3.430493036457126e-162,6.860986072914252e-161
T,2.272727272727273,0.0,0.23,small,4.648966527213398e-137,9.297933054426796e-136
P,3.225806451612903,0.0,0.235,small,2.3514069390205577e-131,4.702813878041115e-130
C,0.0,0.0,0.259,small,7.014512367165043e-226,1.4029024734330085e-224
N,2.380952380952381,0.0,0.26,small,1.6584336757298632e-180,3.3168673514597265e-179
S,4.3478260869565215,0.0,0.316,small,1.3839757046090916e-223,2.7679514092181834e-222
G,10.0,0.0,0.424,medium,0.0,0.0
