feature,group_1,group_2,cliffs_delta,effect
length,Gram+ only,Gram- only,-0.157,small
length,Gram+ only,Gram+ & Gram-,-0.256,small
length,Gram+ only,Fungus only,-0.025,negligible
length,Gram+ only,Virus only,-0.198,small
length,Gram+ only,Cancer only,0.305,medium
length,Gram- only,Gram+ & Gram-,-0.129,small
length,Gram- only,Fungus only,0.102,negligible
length,Gram- only,Virus only,-0.051,negligible
length,Gram- only,Cancer only,0.444,large
length,Gram+ & Gram-,Fungus only,0.175,small
length,Gram+ & Gram-,Virus only,0.058,negligible
length,Gram+ & Gram-,Cancer only,0.513,large
length,Fungus only,Virus only,-0.123,small
length,Fungus only,Cancer only,0.313,medium
length,Virus only,Cancer only,0.46,large
charge_per_residue,Gram+ only,Gram- only,-0.253,small
charge_per_residue,Gram+ only,Gram+ & Gram-,0.029,negligible
charge_per_residue,Gram+ only,Fungus only,0.031,negligible
charge_per_residue,Gram+ only,Virus only,0.563,large
charge_per_residue,Gram+ only,Cancer only,0.573,large
charge_per_residue,Gram- only,Gram+ & Gram-,0.322,medium
charge_per_residue,Gram- only,Fungus only,0.307,medium
charge_per_residue,Gram- only,Virus only,0.767,large
charge_per_residue,Gram- only,Cancer only,0.787,large
charge_per_residue,Gram+ & Gram-,Fungus only,0.014,negligible
charge_per_residue,Gram+ & Gram-,Virus only,0.579,large
charge_per_residue,Gram+ & Gram-,Cancer only,0.606,large
charge_per_residue,Fungus only,Virus only,0.522,large
charge_per_residue,Fungus only,Cancer only,0.528,large
charge_per_residue,Virus only,Cancer only,-0.034,negligible
gravy,Gram+ only,Gram- only,0.302,medium
gravy,Gram+ only,Gram+ & Gram-,0.011,negligible
gravy,Gram+ only,Fungus only,0.244,small
gravy,Gram+ only,Virus only,0.021,negligible
gravy,Gram+ only,Cancer only,-0.447,large
gravy,Gram- only,Gram+ & Gram-,-0.308,medium
gravy,Gram- only,Fungus only,-0.096,negligible
gravy,Gram- only,Virus only,-0.308,medium
gravy,Gram- only,Cancer only,-0.668,large
gravy,Gram+ & Gram-,Fungus only,0.262,small
gravy,Gram+ & Gram-,Virus only,0.012,negligible
gravy,Gram+ & Gram-,Cancer only,-0.509,large
gravy,Fungus only,Virus only,-0.261,small
gravy,Fungus only,Cancer only,-0.657,large
gravy,Virus only,Cancer only,-0.53,large
