subset,feature,median_Mammalian-active,median_Not reported,cliffs_delta,effect,p_value
all,length,16.0,18.0,-0.069,negligible,2.7919718187829e-15
all,net_charge,4.0,3.0,0.175,small,1.5054359016706552e-90
all,charge_density,0.2777777777777778,0.1923076923076923,0.228,small,1.771166796429484e-150
all,hydrophobic_fraction,0.4615384615384615,0.4,0.199,small,2.8640972713580906e-115
Synthetic only,length,15.0,16.0,-0.051,negligible,1.0262865041797078e-07
Synthetic only,net_charge,4.0,4.0,0.193,small,7.184312240665666e-90
Synthetic only,charge_density,0.3076923076923077,0.2352941176470588,0.226,small,8.032209020226322e-121
Synthetic only,hydrophobic_fraction,0.4615384615384615,0.4166666666666667,0.188,small,1.739759185144115e-84
Natural only,length,24.0,29.0,-0.178,small,3.371233071575151e-18
Natural only,net_charge,3.0,3.0,0.072,negligible,0.00040980256980243984
Natural only,charge_density,0.1111111111111111,0.0833333333333333,0.221,small,3.047001733865633e-27
Natural only,hydrophobic_fraction,0.45,0.3846153846153846,0.237,small,4.055939042269413e-31
