subset,n_nat/n_syn,feature,median_Natural,median_Synthetic,cliffs_delta,effect,p_value
all peptides,3239/14957,length,25.0,15.0,0.441,medium,0.0
all peptides,3239/14957,charge_density,0.1,0.2857142857142857,-0.598,large,0.0
all peptides,3239/14957,hydrophobic_fraction,0.425,0.4444444444444444,-0.079,negligible,1.4215664827116085e-12
Short (10-24 aa) only,1310/10213,length,18.0,15.0,0.277,small,3.0587499842820924e-60
Short (10-24 aa) only,1310/10213,charge_density,0.1,0.3,-0.66,large,0.0
Short (10-24 aa) only,1310/10213,hydrophobic_fraction,0.5217391304347826,0.4583333333333333,0.188,small,9.82218257160345e-29
no D-amino acids,3127/13459,length,25.0,16.0,0.465,medium,0.0
no D-amino acids,3127/13459,charge_density,0.1034482758620689,0.2777777777777778,-0.576,large,0.0
no D-amino acids,3127/13459,hydrophobic_fraction,0.4193548387096774,0.4444444444444444,-0.078,negligible,8.478581494728822e-12
