group,aa,n_peptides,n_residues,pct_group,pct_background,log2_enrichment,ci_low,ci_high,log2_vs_all,p_fisher,q_bh,significant,direction
Natural,A,2308,64988,7.684495599187542,6.714713328000924,0.19457759447395442,0.11794504595564706,0.2664832473169295,0.1236417581699635,9.946173788019807e-15,1.530180582772278e-14,False,
Natural,C,2308,64988,6.5719825198498185,2.0854120111156007,1.6557768654323992,1.5482108679043072,1.7643685745768316,0.8480223197791933,0.0,0.0,True,enriched
Natural,D,2308,64988,2.6574136763710223,1.3820286795688994,0.9431195496728635,0.8149906584830388,1.0605692853054915,0.5405869612556263,2.1263303917798775e-81,5.315825979449694e-81,True,enriched
Natural,E,2308,64988,2.5604727026527976,1.8033989989362667,0.5056921757242366,0.3800794095185237,0.6353288813117106,0.3085888055365862,4.6473840094507474e-27,7.745640015751246e-27,False,
Natural,F,2308,64988,4.5531482735274205,5.369791623718778,-0.23797168841749125,-0.3136423916690333,-0.16799417346714596,-0.1593191060235676,1.3146558735596276e-14,1.8780798193708965e-14,False,
Natural,G,2308,64988,11.135902012679264,5.899184471143142,0.9165268191272523,0.8470820241502257,0.9849340220001858,0.5272667391796891,0.0,0.0,True,enriched
Natural,H,2308,64988,2.091155290207423,2.045006638025579,0.03233151632310878,-0.10322558122810144,0.160288629406905,0.021078063937461994,0.5046622649682161,0.5046622649682161,False,
Natural,I,2308,64988,6.238074721487044,6.494545274632847,-0.05814436160251742,-0.1284494153970505,0.008377204953531898,-0.038138228692101823,0.031217883492039647,0.03286092999162068,False,
Natural,K,2308,64988,9.96183910875854,16.596713146589046,-0.7364409780931452,-0.7915136733045249,-0.6813042485367593,-0.5197465494549244,0.0,0.0,True,depleted
Natural,L,2308,64988,8.963193204899365,12.202422673186499,-0.44511084111177857,-0.5076042257926872,-0.38642092452888,-0.30491504584449103,5.619702106432823e-103,1.8732340354776077e-102,False,
Natural,M,2308,64988,1.2556164214931989,0.978799548119501,0.3594835996470495,0.20628367594486155,0.4947509042681563,0.22392264150439603,5.01889273557431e-08,6.273615919467887e-08,False,
Natural,N,2308,64988,3.6806795100633964,2.1637489589431933,0.7663626493536375,0.6744544066163727,0.8584817049009831,0.4507581347976182,2.0474310664987075e-79,4.5498468144415724e-79,True,enriched
Natural,P,2308,64988,4.98091955437927,3.232429847201722,0.6237288551599264,0.5208232365220734,0.7308492502367794,0.3743447879480626,1.8080930952296048e-75,3.6161861904592097e-75,True,enriched
Natural,Q,2308,64988,2.5189265710592723,2.1876623430168793,0.20348468009158732,0.08406218824954798,0.3276395089254667,0.1292694828215769,6.5925917939945975e-06,7.755990345875996e-06,False,
Natural,R,2308,64988,5.836462116082969,11.818983928556703,-1.017903169493807,-1.0996830393895396,-0.9369593624643925,-0.7375785824305586,0.0,0.0,True,depleted
Natural,S,2308,64988,5.637963931802794,3.508670663225338,0.6841740351839244,0.6079695551838183,0.7628418127468057,0.4071273765024159,1.0490381266066345e-100,2.99725179030467e-100,True,enriched
Natural,T,2308,64988,3.899181387333046,2.3855662112129035,0.7087718420102438,0.6204603415981294,0.8101473469015696,0.4203337034604687,1.4204633622317643e-73,2.582660658603208e-73,True,enriched
Natural,V,2308,64988,5.733366159906444,5.432461181980853,0.07775753678182817,0.004455684094283498,0.14724740888942572,0.050139637513344965,0.006943268534724168,0.007714742816360188,False,
Natural,W,2308,64988,1.6218378777620484,5.736738379332239,-1.8221235862342513,-1.9285664815933334,-1.7069075843556325,-1.4065929294461004,0.0,0.0,True,depleted
Natural,Y,2308,64988,2.4173693604973225,1.9617220934930857,0.301370139829286,0.19154299928739693,0.41967202845753293,0.18902737115222218,1.245664602266532e-10,1.6608861363553756e-10,False,
Synthetic,A,7314,121271,6.714713328000924,7.684495599187542,-0.19457759447395437,-0.2664832473169298,-0.11794504595564696,-0.0709358363039909,9.946173788019805e-15,1.5301805827722776e-14,False,
Synthetic,C,7314,121271,2.0854120111156007,6.5719825198498185,-1.6557768654323994,-1.7643685745768316,-1.5482108679043072,-0.8077545456532057,0.0,0.0,True,depleted
Synthetic,D,7314,121271,1.3820286795688994,2.6574136763710223,-0.9431195496728635,-1.0605692853054913,-0.814990658483039,-0.40253258841723694,2.1263303917798766e-81,5.315825979449692e-81,True,depleted
Synthetic,E,7314,121271,1.8033989989362667,2.5604727026527976,-0.5056921757242366,-0.6353288813117106,-0.38007940951852365,-0.19710337018765026,4.647384009450747e-27,7.745640015751245e-27,False,
Synthetic,F,7314,121271,5.369791623718778,4.5531482735274205,0.23797168841749133,0.16799417346714582,0.31364239166903324,0.07865258239392363,1.3146558735596276e-14,1.8780798193708965e-14,False,
Synthetic,G,7314,121271,5.899184471143142,11.135902012679264,-0.9165268191272522,-0.9849340220001858,-0.8470820241502257,-0.3892600799475631,0.0,0.0,True,depleted
Synthetic,H,7314,121271,2.045006638025579,2.091155290207423,-0.03233151632310879,-0.16028862940690503,0.10322558122810127,-0.011253452385646946,0.5046622649682161,0.5046622649682161,False,
Synthetic,I,7314,121271,6.494545274632847,6.238074721487044,0.058144361602517486,-0.008377204953531756,0.12844941539705046,0.020006132910415416,0.031217883492039647,0.03286092999162068,False,
Synthetic,K,7314,121271,16.596713146589046,9.96183910875854,0.7364409780931453,0.6813042485367593,0.791513673304525,0.21669442863822094,0.0,0.0,True,enriched
Synthetic,L,7314,121271,12.202422673186499,8.963193204899365,0.44511084111177845,0.38642092452888005,0.5076042257926874,0.1401957952672875,5.619702106432824e-103,1.8732340354776077e-102,False,
Synthetic,M,7314,121271,0.978799548119501,1.2556164214931989,-0.3594835996470495,-0.49475090426815643,-0.20628367594486152,-0.13556095814265334,5.018892735574312e-08,6.27361591946789e-08,False,
Synthetic,N,7314,121271,2.1637489589431933,3.6806795100633964,-0.7663626493536375,-0.8584817049009832,-0.6744544066163728,-0.3156045145560193,2.047431066498707e-79,4.5498468144415706e-79,True,depleted
Synthetic,P,7314,121271,3.232429847201722,4.98091955437927,-0.6237288551599264,-0.7308492502367796,-0.5208232365220736,-0.24938406721186387,1.8080930952296053e-75,3.61618619045921e-75,True,depleted
Synthetic,Q,7314,121271,2.1876623430168793,2.5189265710592723,-0.2034846800915873,-0.3276395089254668,-0.08406218824954803,-0.07421519727001044,6.592591793994599e-06,7.755990345876e-06,False,
Synthetic,R,7314,121271,11.818983928556703,5.836462116082969,1.0179031694938072,0.9369593624643924,1.0996830393895396,0.2803245870632484,0.0,0.0,True,enriched
Synthetic,S,7314,121271,3.508670663225338,5.637963931802794,-0.6841740351839243,-0.7628418127468056,-0.6079695551838183,-0.27704665868150846,1.0490381266066343e-100,2.997251790304669e-100,True,depleted
Synthetic,T,7314,121271,2.3855662112129035,3.899181387333046,-0.7087718420102438,-0.8101473469015698,-0.6204603415981295,-0.28843813854977507,1.420463362231764e-73,2.5826606586032073e-73,True,depleted
Synthetic,V,7314,121271,5.432461181980853,5.733366159906444,-0.07775753678182823,-0.14724740888942575,-0.0044556840942836995,-0.027617899268483393,0.006943268534724167,0.007714742816360186,False,
Synthetic,W,7314,121271,5.736738379332239,1.6218378777620484,1.8221235862342513,1.7069075843556327,1.9285664815933334,0.415530656788151,0.0,0.0,True,enriched
Synthetic,Y,7314,121271,1.9617220934930857,2.4173693604973225,-0.30137013982928595,-0.41967202845753293,-0.19154299928739696,-0.11234276867706361,1.245664602266532e-10,1.6608861363553756e-10,False,
Gram+,A,7603,149761,7.144717249484178,6.677078196065538,0.09773032499605645,-0.0038664348858966735,0.1965151817928604,0.018616735521359878,0.001717771525524359,0.002642725423883629,False,
Gram+,C,7603,149761,3.6397994137325473,3.696092936599266,-0.022245491255026714,-0.17989303780313254,0.13961732596203094,-0.0043582866932525876,0.607563887841335,0.6395409345698263,False,
Gram+,D,7603,149761,1.6873551859295812,2.400131514055565,-0.5085886657056743,-0.6400677950088599,-0.3715622341450042,-0.1146787286017585,1.2961451693162744e-18,6.480725846581372e-18,False,
Gram+,E,7603,149761,1.7434445549909523,3.397446435421119,-0.9625167932566868,-1.1042555009543635,-0.8046865720960739,-0.2459124326035607,4.89808107734884e-78,9.79616215469768e-77,True,depleted
Gram+,F,7603,149761,5.12750315502701,4.909858074415037,0.06256550176674501,-0.02793771035517723,0.14708340494561808,0.012048748252101709,0.09153493087014097,0.1220465744935213,False,
Gram+,G,7603,149761,8.059508149651778,6.359252561784207,0.3418824907733381,0.24388770315232577,0.4334826205803075,0.06089775812009989,8.129274257016757e-29,5.419516171344504e-28,False,
Gram+,H,7603,149761,2.055942468332877,2.082305879774234,-0.018797786631251628,-0.16965939787425335,0.1340974831445538,-0.003593030629680887,0.7424314221881962,0.7424314221881962,False,
Gram+,I,7603,149761,6.460961131402701,6.175680859225163,0.06520404585760074,-0.0179179318200269,0.14865055957603365,0.012532004911540781,0.04649789524888499,0.06642556464126427,False,
Gram+,K,7603,149761,14.486415021267218,13.441832429174202,0.1081559082629056,0.04029735390874421,0.17627328808907622,0.0205175258390457,2.7597711804062305e-07,5.017765782556782e-07,False,
Gram+,L,7603,149761,11.291324176521258,10.173160173160174,0.15059407200160035,0.08291355467532552,0.2222290092048551,0.028259413895215343,7.767249054226182e-10,1.9418122635565454e-09,False,
Gram+,M,7603,149761,1.0850621991039056,1.0356731875719218,0.06604458896811113,-0.11142430765134265,0.2555048651317255,0.012990335260916034,0.42815700115981825,0.4757300012886869,False,
Gram+,N,7603,149761,2.5554049452127057,3.2577127513836373,-0.35042665577449766,-0.4594317602936452,-0.23573594605502182,-0.07564948356076057,3.9605211852292254e-13,1.1315774814940644e-12,False,
Gram+,P,7603,149761,3.6484799113253783,4.638610334812866,-0.34639225276673186,-0.4746729998216444,-0.212662048430425,-0.07473698042141895,6.709100409741624e-18,2.6836401638966497e-17,False,
Gram+,Q,7603,149761,2.080648499943243,3.2166146090196723,-0.6285937623378256,-0.7549433104219915,-0.4954041595577002,-0.14658978245185467,1.4887377483365644e-35,1.4887377483365644e-34,True,depleted
Gram+,R,7603,149761,9.927150593278624,8.929256397610828,0.15296573362461377,0.05208748418393778,0.2494003867804996,0.02869097907647192,6.197859673485222e-09,1.3773021496633825e-08,False,
Gram+,S,7603,149761,4.2314087112131995,4.334484081319524,-0.03476541927415156,-0.1286204450716073,0.0660297162245047,-0.0068662170800725016,0.38540193572322134,0.4534140420273193,False,
Gram+,T,7603,149761,2.8104780283251314,3.33716915995397,-0.24793113113535903,-0.3595332135810987,-0.1316400116530294,-0.05200965017665396,1.302945138464045e-07,2.60589027692809e-07,False,
Gram+,V,7603,149761,5.571543993429531,5.397556030467423,0.04579009510042208,-0.05403518196445828,0.13760961695684706,0.00885291279452262,0.19740936761764843,0.24676170952206056,False,
Gram+,W,7603,149761,4.397005896061057,3.9070634007342866,0.17033947170959537,0.06312114382801574,0.27983096570991584,0.03184988441589528,3.0073125551910724e-05,5.01218759198512e-05,False,
Gram+,Y,7603,149761,1.9958467157671222,2.633020987451367,-0.3999283135161961,-0.5215142186347639,-0.2798694855025056,-0.08750176145845558,1.7622604572881942e-13,5.874201524293981e-13,False,
Gram-,A,7779,153201,7.011703578958362,7.244842398209208,-0.04708112576133683,-0.13968596469791608,0.04902834084999567,-0.008493276056161424,0.13563944546626183,0.15540859320297862,False,
Gram-,C,7779,153201,3.59919321675446,3.890132494403775,-0.11223355884934123,-0.26906690433940733,0.05542984059529574,-0.0205430294487998,0.011131446942144217,0.01712530298791418,False,
Gram-,D,7779,153201,1.6670909458815544,2.5682134430395065,-0.6236571010747708,-0.7521116219208909,-0.4723578444292292,-0.13211046297435397,2.530512265474336e-26,1.265256132737168e-25,True,depleted
Gram-,E,7779,153201,1.729753722234189,3.6330086514610684,-1.070584292147342,-1.2184733368432754,-0.9058649729504966,-0.25728817368496193,4.668937850485221e-93,9.337875700970442e-92,True,depleted
Gram-,F,7779,153201,5.116807331544833,4.93677778449997,0.05166646673215406,-0.042581208826725246,0.14497441536911757,0.009036430633855806,0.18061650592548578,0.19012263781630084,False,
Gram-,G,7779,153201,7.768878793219366,7.529191118639966,0.045324524087402195,-0.05146820770207217,0.13399598743025437,0.00791537050537013,0.13986773388268076,0.15540859320297862,False,
Gram-,H,7779,153201,1.9908486237035006,2.386714259785831,-0.2619776248128555,-0.41849424028555726,-0.0954628733772385,-0.05000500610372573,6.602612982299511e-06,1.1004354970499185e-05,False,
Gram-,I,7779,153201,6.470584395663214,6.1013975437110535,0.08481363868780366,0.0002342108986575194,0.1691912803848225,0.014679605841184308,0.012797780198890253,0.018282543141271788,False,
Gram-,K,7779,153201,14.949641320879106,11.186399661201525,0.41854371552714076,0.34391358601204164,0.49221955537353984,0.06592819331883877,5.1888421786526695e-74,5.188842178652669e-73,False,
Gram-,L,7779,153201,11.285827116010992,10.082279629741667,0.16285777236349505,0.088125766688678,0.23906870270685004,0.02755810763358898,1.7794061331699398e-10,3.5588122663398797e-10,False,
Gram-,M,7779,153201,1.055476139189692,1.1676447455986447,-0.14678679133522646,-0.3238808703612509,0.04583690303045472,-0.026889086531487017,0.07766878925530096,0.10355838567373461,False,
Gram-,N,7779,153201,2.55807729714558,3.318410067154698,-0.37556349867179273,-0.4971236832435434,-0.24802256444599663,-0.0741438138886508,4.689248802486229e-14,1.3397853721389226e-13,False,
Gram-,P,7779,153201,3.9653788160651695,3.273035271341279,0.27662393492258724,0.15855521163500866,0.40468770568140994,0.045415089959649366,1.493660586776986e-09,2.7157465214127017e-09,False,
Gram-,Q,7779,153201,2.1213960744381564,3.1459858430637064,-0.5686274952107538,-0.7099509512600823,-0.4236958464944894,-0.11861641902982638,3.0730716651111987e-27,2.0487144434074657e-26,False,
Gram-,R,7779,153201,10.04105717325605,8.297537661080526,0.2752821123533673,0.1810121331302011,0.38485694741632875,0.0451511029444776,5.699336962467157e-23,1.8997789874890525e-22,False,
Gram-,S,7779,153201,4.215377184222035,4.419505112226995,-0.06826287852175827,-0.16469950655154247,0.03438338118559417,-0.012342502265511271,0.0952965828389239,0.11912072854865487,False,
Gram-,T,7779,153201,2.7891462849459208,3.4908342912456893,-0.32386223501935707,-0.4415171875549783,-0.197709982514154,-0.06300198743805857,1.6900413077493027e-11,4.225103269373257e-11,False,
Gram-,V,7779,153201,5.556752240520623,5.448000483997822,0.028541526709430953,-0.05693728712172554,0.115560617858086,0.005018091264306832,0.4419140929154304,0.44191409291543043,False,
Gram-,W,7779,153201,4.153367145123074,4.9851775667009495,-0.2633455882158491,-0.3714624735595223,-0.15719009622140617,-0.05038419084906277,3.134696794232817e-11,6.965992876072927e-11,False,
Gram-,Y,7779,153201,1.9536426002441238,2.894911972896122,-0.5675233061997664,-0.6881173653687012,-0.4400408553613696,-0.11833428009778489,4.338083239079691e-25,1.7352332956318765e-24,False,
Fungus,A,2859,59693,7.598880940813831,6.7956639223804185,0.16111993814809464,0.09249466455277916,0.23593741373141036,0.1074730599805434,3.497227708198965e-10,6.99445541639793e-10,False,
Fungus,C,2859,59693,4.943628231115876,3.041101085599608,0.7009058212671739,0.5802834207546242,0.8319749155901035,0.43731977911278147,1.7211072962336113e-88,1.7211072962336113e-87,True,enriched
Fungus,D,2859,59693,2.1242021677583636,1.6868669310873379,0.3326781715512262,0.20385757490216375,0.4549045912810492,0.2176166699786092,8.333012652887115e-11,1.85178058953047e-10,False,
Fungus,E,2859,59693,2.2515202787596538,1.9807847289161387,0.1849486045027586,0.032339939058899085,0.32149696695058855,0.12316159020386051,0.0001421619027942125,0.00021871061968340385,False,
Fungus,F,2859,59693,5.052518720788032,5.100105873615347,-0.013524708907607442,-0.09272375708330635,0.0663751192542006,-0.009205080507109708,0.6676260388389497,0.7027642514094207,False,
Fungus,G,2859,59693,9.037910642788937,7.107754057171753,0.34652136607399414,0.26684833318060924,0.420597453266226,0.2261238562069283,6.758224292729012e-47,4.5054828618193416e-46,False,
Fungus,H,2859,59693,2.3570602918265124,1.9215271083861385,0.2948236674285466,0.1433947057018105,0.4418850291395957,0.1937287348149583,1.0402076379796948e-09,1.891286614508536e-09,False,
Fungus,I,2859,59693,6.109594089759268,6.544411611333217,-0.09920394545837703,-0.16832937869974565,-0.03807466959809455,-0.06816236320803509,0.000344153234326579,0.0004916474776093985,False,
Fungus,K,2859,59693,12.761965389576668,14.998498806946573,-0.2330385775691683,-0.2899590288055728,-0.1778382319173906,-0.16241645831954835,1.663613014651855e-38,8.318065073259274e-38,False,
Fungus,L,2859,59693,10.322818420920376,11.425659339791098,-0.1465010049565689,-0.20615288293406778,-0.08584148098681818,-0.1011892853558253,1.1287514564811471e-12,2.821878641202868e-12,False,
Fungus,M,2859,59693,1.1492134756169066,1.0405638165068027,0.1436572137519524,0.0012347057900937988,0.2925909184665828,0.09632137602446647,0.03621913353013287,0.04829217804017716,False,
Fungus,N,2859,59693,2.9919756085303133,2.55202819082534,0.22950698901132058,0.1377757736554728,0.3250352066327918,0.15196702394416506,6.081000299246814e-08,1.0135000498744691e-07,False,
Fungus,P,2859,59693,3.7391318915115677,3.8912504148033435,-0.057481458160355575,-0.17507895038863644,0.06180343199912422,-0.03928332956996648,0.11215369520249116,0.14019211900311396,False,
Fungus,Q,2859,59693,2.31350409595765,2.2984055749569396,0.009592866190597502,-0.1155994369339058,0.12925924447918088,0.006602038256558159,0.8425803043860692,0.8425803043860693,False,
Fungus,R,2859,59693,8.627477258640042,10.252358453297093,-0.24898836627830756,-0.32359296686743455,-0.1729712792065294,-0.1738037272416,8.196174124962699e-29,3.2784696499850798e-28,False,
Fungus,S,2859,59693,4.807933928601344,3.9892230140796108,0.2692900660391449,0.18499300722890946,0.3520562180739467,0.17740496771993786,5.989891347058241e-16,1.9966304490194133e-15,False,
Fungus,T,2859,59693,3.3387499371785636,2.7132089186669406,0.2993320709847203,0.21306757500653545,0.3900129816859448,0.19652804480298766,1.3463711418289458e-13,3.8467746909398454e-13,False,
Fungus,V,2859,59693,5.457926390028982,5.574956939462415,-0.03061624398115323,-0.10664527575471278,0.038529921758831666,-0.020881727257042945,0.3075595244620366,0.3618347346612195,False,
Fungus,W,2859,59693,2.9400432211482084,4.94287565380908,-0.7493452666001981,-0.8521926533119907,-0.6361562278662296,-0.5486781284243721,1.192852383496743e-93,2.385704766993486e-92,True,depleted
Fungus,Y,2859,59693,2.073945018678907,2.1427555583648057,-0.04690071884341238,-0.16857703632217416,0.07420664115945368,-0.03192913246550129,0.3432727358134908,0.3814141509038787,False,
Cancer,A,1813,31985,6.862591839924965,7.0925755474026735,-0.047650860727599074,-0.15501147741280114,0.059839085133831064,-0.03960010379500065,0.14656659351789902,0.18320824189737378,False,
Cancer,C,1813,31985,3.1671095826168516,3.7511181404514047,-0.24392411589579308,-0.42145377264046263,-0.08093901546903244,-0.2048255133606885,2.6725933165786527e-07,6.050600860635951e-07,False,
Cancer,D,1813,31985,1.5601062998280444,1.8823651425386,-0.2700631630558894,-0.4574482298947487,-0.0985993219877092,-0.22699330578571378,7.178470735766626e-05,0.00013051764974121138,False,
Cancer,E,1813,31985,1.6101297483195247,2.162386403412111,-0.42462108747263977,-0.627794750435823,-0.23318237197347957,-0.3599068717937064,8.8405090765795e-11,7.471672389907285e-10,False,
Cancer,F,1813,31985,5.818352352665312,4.932781933443095,0.23814445982221366,0.1430247936265347,0.3271693896384493,0.19434191382509253,1.1207508584860928e-10,7.471672389907285e-10,False,
Cancer,G,1813,31985,6.853212443332812,7.907359632861014,-0.20650318827565967,-0.2983392894338434,-0.11406794336467335,-0.1730990008103146,7.891019032605362e-11,7.471672389907285e-10,False,
Cancer,H,1813,31985,1.6257620759731124,2.1513670482388476,-0.4033257995504817,-0.5895742968829482,-0.21821730033061826,-0.34147915834601883,6.831829251727809e-10,2.6344486220698435e-09,False,
Cancer,I,1813,31985,6.5280600281381895,6.379558447956233,0.033112419788658476,-0.05543613416315953,0.11129842303008773,0.02735376265670209,0.3216257253558561,0.33855339511142746,False,
Cancer,K,1813,31985,15.385336876660935,14.052918832726188,0.13044205456717736,0.05567096015404234,0.19435340268503956,0.10713162208927159,7.90334586620953e-10,2.6344486220698435e-09,False,
Cancer,L,1813,31985,11.7930279818665,10.92277376615632,0.11038587402025517,0.0350515615137049,0.17918968833813256,0.09077283441278183,7.321122925415588e-06,1.4642245850831178e-05,False,
Cancer,M,1813,31985,1.0973894012818508,1.0708220438959255,0.03661640634975058,-0.16276954801537644,0.21799255987345653,0.030543305457098754,0.6766875300615045,0.6766875300615045,False,
Cancer,N,1813,31985,2.4792871658589966,2.7373374645111945,-0.1424668391821567,-0.2762597605601581,-0.016015360116369812,-0.1189098012987254,0.009317378129542081,0.014334427891603201,False,
Cancer,P,1813,31985,3.9455994997655153,3.8211234556697824,0.04633929752917388,-0.08100481624148731,0.1775128067948952,0.03829684345516554,0.2915428003588732,0.32393644484319245,False,
Cancer,Q,1813,31985,2.0728466468657185,2.351011836083851,-0.18113715991164428,-0.34979681957651043,-0.02180204733553758,-0.1515081926785424,0.0024320156660382003,0.004053359443397,False,
Cancer,R,1813,31985,10.514303579803032,9.56933767193435,0.13567046362778984,0.04207422732188377,0.2276829684927885,0.11140399845826351,2.722770387286178e-07,6.050600860635951e-07,False,
Cancer,S,1813,31985,3.6267000156323275,4.381165977416804,-0.2724999279932073,-0.3868534828154316,-0.15364992422714963,-0.2291936046996522,6.199341737532941e-10,2.6344486220698435e-09,False,
Cancer,T,1813,31985,2.782554322338596,2.940871436534996,-0.07954004299658729,-0.21415235877481834,0.0494169835978427,-0.0661310835855265,0.12950413249464438,0.17267217665952586,False,
Cancer,V,1813,31985,5.374394247303424,5.571256336129225,-0.0519223641383999,-0.14671544147273827,0.04124990780611023,-0.04314364583945209,0.16246670343220032,0.19113729815552977,False,
Cancer,W,1813,31985,4.908550883226512,4.17503921594047,0.23349734599665356,0.0990368917488628,0.3498382729694686,0.19062077885403517,7.163785954097629e-09,2.046795986885037e-08,False,
Cancer,Y,1813,31985,1.9946850085977803,2.1468296666969158,-0.10549184585029325,-0.24833338193674978,0.047445669106937684,-0.08780751550194273,0.0880263354526363,0.12575190778948042,False,
Virus,A,654,13752,7.72978475858057,6.999136266934095,0.14290496907782854,-0.0004217176794483919,0.29659153442610703,0.13182671259003564,0.0014504128351582662,0.0019338837802110216,False,
Virus,C,654,13752,2.915939499709133,3.70941469041836,-0.3465108177386548,-0.637169460327327,-0.056165793832959034,-0.3235433917593674,9.864571937922528e-07,1.5176264519880813e-06,False,
Virus,D,654,13752,3.657649796393252,1.6810912020961468,1.1217385435865816,0.9576144534871428,1.2847319945088502,1.0016701119795577,5.48083304816258e-50,2.74041652408129e-49,True,enriched
Virus,E,654,13752,5.99912739965096,1.7541317163941172,1.773666248768761,1.5867711782950613,1.9340116978806925,1.5365452333023486,3.664780228642865e-173,7.32956045728573e-172,True,enriched
Virus,F,654,13752,4.144851657940663,5.159790617192346,-0.3157731952483901,-0.4697389784722318,-0.16884015740814032,-0.2946685931868332,8.9131104429829e-08,1.6205655350878e-07,False,
Virus,G,654,13752,5.970040721349622,7.866347452567142,-0.39809301232923217,-0.5324680850674084,-0.25587329562395134,-0.37218704564143007,1.3012718404639863e-16,2.8917152010310806e-16,False,
Virus,H,654,13752,2.0506108202443283,2.061945312364136,-0.00656450454559394,-0.23013848670746642,0.21405470147342015,-0.005970136791980501,0.9502831336047204,0.9502831336047205,False,
Virus,I,654,13752,6.9153577661431065,6.364379416487447,0.1195115899385158,0.012831472640671658,0.2346964205983839,0.11031849831883679,0.011884766889448999,0.014855958611811248,False,
Virus,K,654,13752,9.162303664921465,14.689838673213261,-0.681457419335331,-0.8129334757809819,-0.5575746593022524,-0.6408140367408597,7.944087812328212e-79,7.944087812328212e-78,True,depleted
Virus,L,654,13752,10.762070971495055,11.096940993698807,-0.04472174621957415,-0.13505377216372652,0.03876663001946409,-0.041507258272804486,0.2356029887276292,0.24800314602908335,False,
Virus,M,654,13752,1.3961605584642234,1.049812471377973,0.4137220246946768,0.1627679681340746,0.6367356410918596,0.37903337951773236,0.0002553941657081461,0.0003648488081544944,False,
Virus,N,654,13752,4.093949970913322,2.5813445251497042,0.6655244010301101,0.5147897373849681,0.8158643064276315,0.604431903589219,5.442397521227694e-23,1.3605993803069234e-22,True,enriched
Virus,P,654,13752,2.3196625945317044,3.9638971172184316,-0.771815594073226,-1.0163555770708057,-0.5309785565977245,-0.7269423905734541,5.953644561276708e-25,1.7010413032219164e-24,True,depleted
Virus,Q,654,13752,4.77021524141943,2.1065811822128957,1.179086490286085,1.0050273894914712,1.3319341189324179,1.0503466703950564,1.2507197477887272e-70,8.338131651924848e-70,True,enriched
Virus,R,654,13752,6.369982547993019,9.999594219365012,-0.6507637977565439,-0.8529824465039136,-0.48793414267080576,-0.6115769460626475,4.07297210859089e-48,1.629188843436356e-47,True,depleted
Virus,S,654,13752,5.141070389761489,4.180699913626693,0.29827911886473835,0.1745168539690775,0.43350042875680617,0.2740182432260154,1.692236219657469e-07,2.820393699429115e-07,False,
Virus,T,654,13752,4.552065154159395,2.7830754694012416,0.709877716620824,0.5561484927403039,0.8442427059506038,0.6437241321856204,1.7183850963266355e-28,5.727950321088785e-28,True,enriched
Virus,V,654,13752,5.199243746364165,5.564411878938246,-0.09795911187995117,-0.24060567052993018,0.031054731939311363,-0.09095277208867006,0.07162579341502039,0.07958421490557821,False,
Virus,W,654,13752,3.9557882489819662,4.328520002086872,-0.12964489891554526,-0.3088426310508233,0.03416973798567542,-0.12044289253011727,0.038009075756201924,0.044716559713178734,False,
Virus,Y,654,13752,2.89412449098313,2.0590468792570737,0.4917934594260297,0.3245347374321081,0.6531552938586559,0.44924190633671063,4.74019744098814e-10,9.48039488197628e-10,False,
Mammalian-active,A,5327,98234,7.254107539141234,6.828741834706049,0.08717659549217772,0.007426109973871213,0.163332610208986,0.040521234443095105,0.00034342327591675075,0.00036149818517552707,False,
Mammalian-active,C,5327,98234,2.8778223425697824,4.513490485657484,-0.6491754125442156,-0.7783192969791702,-0.5295918447602462,-0.34316741271776746,1.0264636387501885e-78,6.843090925001256e-78,True,depleted
Mammalian-active,D,5327,98234,1.447563979884765,2.250497017892644,-0.6364564071046596,-0.7552837464478461,-0.5206857711077728,-0.3356440711515509,4.094268936456259e-38,1.3647563121520863e-37,True,depleted
Mammalian-active,E,5327,98234,1.495408921554655,2.70604941777904,-0.855442947476592,-0.9864149672912822,-0.7217447683345587,-0.467148680277845,2.725594594791204e-75,1.3627972973956018e-74,True,depleted
Mammalian-active,F,5327,98234,5.387136836533176,4.747514910536779,0.18232691109529195,0.10450918478934158,0.25545833499554005,0.0833028271011686,3.468333586599068e-10,4.3354169832488353e-10,False,
Mammalian-active,G,5327,98234,7.280574953682025,8.223800056802045,-0.17573456001467583,-0.2526962724376324,-0.10237222510782064,-0.08575108569922756,3.0061809288252725e-14,4.0082412384336964e-14,False,
Mammalian-active,H,5327,98234,1.784514526538673,2.3697813121272366,-0.4091395823412028,-0.5387023913148679,-0.2818580573497128,-0.20773463115998628,7.587731857395839e-19,1.167343362676283e-18,False,
Mammalian-active,I,5327,98234,6.81943115418287,5.942629934677648,0.19853667339811878,0.1357057798280914,0.26301171246306826,0.09041721213251579,1.1024620065353063e-14,1.574945723621866e-14,False,
Mammalian-active,K,5327,98234,16.30290937964452,12.026128940641863,0.43895104794451184,0.38378818548017185,0.4881577062142538,0.1909076270344302,4.8456514748470113e-154,9.691302949694022e-153,False,
Mammalian-active,L,5327,98234,12.468188203676934,9.514342516330588,0.3900657654983637,0.3377755681320586,0.44879061606190146,0.1712622756564602,4.704098810730841e-92,4.704098810730841e-91,False,
Mammalian-active,M,5327,98234,1.009833662479386,1.1485373473445044,-0.1856494048585828,-0.333234195993814,-0.04450758107127261,-0.09043711635247931,0.0039686182107205705,0.0039686182107205705,False,
Mammalian-active,N,5327,98234,2.3769774212594417,3.0457256461232602,-0.35760090055402677,-0.4468751587877204,-0.26946625530634793,-0.18000331910107725,6.434284495916999e-19,1.0723807493194997e-18,False,
Mammalian-active,P,5327,98234,3.333876254657247,4.410110763987504,-0.40356286832017685,-0.5079501826972463,-0.30295948241750686,-0.20479423055360993,2.1129467972779966e-33,5.282366993194992e-33,False,
Mammalian-active,Q,5327,98234,1.9402650813364009,2.7083214995739846,-0.4810523439988627,-0.5943876910687819,-0.36592056606444495,-0.24727286708998378,2.9721771023779084e-28,5.944354204755817e-28,False,
Mammalian-active,R,5327,98234,10.104444489687888,9.315535359272934,0.11728115674422138,0.043422192215764994,0.18725184085764277,0.05420303085512725,9.931936533051583e-09,1.1684631215354805e-08,False,
Mammalian-active,S,5327,98234,3.7532829773805405,4.807725078102812,-0.357159111089696,-0.43436509314006055,-0.27101896568488115,-0.17981991278756917,2.621581779883995e-29,5.825737288631099e-29,False,
Mammalian-active,T,5327,98234,2.545961683327565,3.324055666003976,-0.3846749186681001,-0.47575586271488524,-0.29653243343799995,-0.19454798246180566,2.5679234899336837e-23,4.6689517998794246e-23,False,
Mammalian-active,V,5327,98234,5.296536840605086,5.806305026980971,-0.13255647169888835,-0.20002847370676274,-0.06435608493966917,-0.06417325512606745,1.6691525719270268e-06,1.8546139688078075e-06,False,
Mammalian-active,W,5327,98234,4.853716635788016,3.684180630502698,0.39769198605015943,0.298560942342997,0.4997861291729108,0.17440951829383985,1.1896910109047046e-35,3.3991171740134417e-35,False,
Mammalian-active,Y,5327,98234,1.6674471160697926,2.626526554955978,-0.6553697850788972,-0.7701233520801741,-0.5433402358355408,-0.3467132024292698,1.4149761401965688e-46,5.659904560786275e-46,True,depleted
